"Person ID","Work Email","First Name","Last Name","Participated","Donation Date","Employee Number","Title","Department","Office","Region","Work Address Line 1","Work Address Line 2","Work City","Work State","Work Postal Code","Work Postal Code Ext","Work Country","Work Phone","Language Preference","Job Level","Employment Status","Line Of Business","Cost Center"
"4793","kevin.zeigler+187728jamie@salesforce.com","Jamie","Warrington","true","2021-04-02 13:28:36","","","","","","1095 Avenue of the Americas","","New York","NY","10036","","US","","en-US","","","",""
"4696","kevin.zeigler+187728tim@salesforce.com","Tim","Reynolds","true","2021-03-24 14:44:06","","","","","","300 E. Randolph Street","","Chicago","IL","60601","","US","","en-US","","","",""
"4796","kevin.zeigler+187728jamie2@salesforce.com","Jamie","Warrington","true","2021-03-31 15:00:14","","","","","","1095 Avenue of the Americas","","New York","NY","10036","","US","","en-US","","","",""
"4445","kevin.zeigler+187728@salesforce.com","Lauren","Bailey","true","2021-03-26 17:07:12","000001","Director, Corporate Responsibility","CSR","Davidson","North Carolina","800 Beaty Street","Building B","Davidson","NC","28036","","US","425-555-1212","en-US","","","",""
"4512","siobhan.jones+kz@salesforce.com","Siobhan","Jones","false","","","","","","","415 Mission Street","3rd Floor","San Francisco","CA","94105","94105","US","","en-US","","","",""
"4446","kevin.zeigler+tim10click@salesforce.com","Tim","Reynolds","true","2021-03-03 21:15:38","","","","","","415 Mission Street","3rd Floor","San Francisco","CA","94105","","US","","en-US","","","",""
"5703","kevin.zeigler+187728jamie4@salesforce.com","Jamie","Warrington","false","","","","","","","1095 Avenue of the Americas","","New York","NY","10036","","US","","en-US","","","",""
"5681","kevin.zeigler+187728jamie3@salesforce.com","Jamie","Warrington","true","2021-03-31 18:44:29","","","","","","1095 Avenue of the Americas","","New York","NY","10036","","US","","en-US","","","",""
"4791","aulles+187728@salesforce.com","Annie","Ulles","false","","","","","","","1095 Avenue of the Americas","","New York","NY","10036","","US","","en-US","","","",""
"4462","6878f737-064a-4e6c-921b-e5ce2f05cba8@api-token.internal.makanaplatform.com","PSUEDO_FIRST","PSUEDO_LAST","false","","","","","","","Boulder Street1","","Boulder","CO","80301","","US","","en","","","",""
