"person_id","time_log_entry_id","registration_id","datetime_utc","salutation","volunteer_firstname","volunteer_middlename","volunteer_lastname","volunteer_email","skills_matched","hours_type","volunteer_type","attendance_type","schedule_type","beneficiary_name","volunteer_opportunity_name","volunteer_opportunity_id","volunteer_opportunity_creation_time","volunteer_opportunity_organizer_email","activity_description","user_registration_time","registration_status","causes","sdgs","shift_total_capacity","campaign_id","campaign_name","address_line","address_line2","locality","admin_area","postal_code","country","total_hours","external_id","secondary_external_id","employee_number","federation_id","suffix","nickname","title","department","office","region","work_address","work_address2","work_city","work_state","work_postal_code","work_postal_code_ext","work_country","work_phone","work_email","person_address","person_address2","person_city","person_state","person_postal_code","person_postal_code_ext","person_country","leadership_recognition_name","annual_pay_periods","preferred_currency","language_preference","time_zone","ask_ladder_single_gift_amount","disable_payroll_deduction","job_level","employment_status","line_of_business","cost_center","login_method","welcome_email","is_bonus_payroll_enabled"
"4447","f16c17dd-becc-4548-8035-e71ef89d18fc","","2021-01-15 08:00:00","","John","","Smith","kevin.zeigler+john10click@salesforce.com","","LOG","AD_HOC","","","American Society for the Prevention of Cruelty to Animals dba ASPCA","","","","","Cleaning","","","","","","","","","","","","","","99:00","","","","","","","","","","","415 Mission Street","3rd Floor","San Francisco","CA","94105","94105","US","","kevin.zeigler+john10click@salesforce.com","","","","","","","US","","","USD","en_US","America/New_York","","false","","","","","USERNAME_PASSWORD","SEND","false"
"4447","2f3344b8-ff8d-411a-841c-468ca5dd8ccc","","2021-01-27 08:00:00","","John","","Smith","kevin.zeigler+john10click@salesforce.com","","LOG","AD_HOC","","","American Society for the Prevention of Cruelty to Animals dba ASPCA","","","","","Cleaning","","","","","","","","","","","","","","99:00","","","","","","","","","","","415 Mission Street","3rd Floor","San Francisco","CA","94105","94105","US","","kevin.zeigler+john10click@salesforce.com","","","","","","","US","","","USD","en_US","America/New_York","","false","","","","","USERNAME_PASSWORD","SEND","false"
"4445","","cd7fea1f-ce99-457d-93fc-a485428f32db","2021-02-01 05:00:00","","Lauren","","Bailey","kevin.zeigler+187728@salesforce.com","","PLEDGE","","VIRTUAL","FLEXIBLE","The Trevor Project","Trevor Project Crisis Counselor -- Telephone","1906083","2021-02-09 21:03:00","kevin.zeigler+tim10click@salesforce.com","","2021-02-17 02:42:06","Canceled by Volunteer","Crime, Safety & Violence Prevention, LGBTQA","Goal 3: Good Health and Well-Being, Goal 10: Reduced Inequalities","100","1906082","Trevor Project Volunteer and Fundraising Campaign","","","","","","","00:00","4315","","000001","4231187728","","","","CSR","Davidson","North Carolina","800 Beaty Street","Building B","Davidson","NC","28036","","US","425-555-1212","kevin.zeigler+187728@salesforce.com","","","","","","","","Kevin","26","USD","en_US","America/Los_Angeles","","false","","","","","USERNAME_PASSWORD","SEND","true"
"4446","","e5c05d3e-cd45-4ca4-8b49-ac8481ff8bdf","2021-02-01 05:00:00","","Tim","","Reynolds","kevin.zeigler+tim10click@salesforce.com","","PLEDGE","","VIRTUAL","FLEXIBLE","The Trevor Project","Trevor Project Crisis Counselor -- Digital Chat","1906081","2021-02-09 20:43:30","kevin.zeigler+tim10click@salesforce.com","","2021-02-18 21:51:22","Confirmed by Volunteer","Crime, Safety & Violence Prevention, LGBTQA","Goal 3: Good Health and Well-Being, Goal 10: Reduced Inequalities","100","","","","","","","","","00:00","","","","","","","","","","","415 Mission Street","3rd Floor","San Francisco","CA","94105","","US","","kevin.zeigler+tim10click@salesforce.com","","","","","","","US","","","USD","en_US","America/New_York","","false","","","","","USERNAME_PASSWORD","SEND","false"
"4445","","a51892d1-d792-4afd-b8e4-714279160621","2021-02-01 05:00:00","","Lauren","","Bailey","kevin.zeigler+187728@salesforce.com","","PLEDGE","","VIRTUAL","FLEXIBLE","The Trevor Project","Trevor Project Crisis Counselor -- Digital Chat","1906081","2021-02-09 20:43:30","kevin.zeigler+tim10click@salesforce.com","","2021-02-10 14:15:28","Confirmed by Volunteer","Crime, Safety & Violence Prevention, LGBTQA","Goal 3: Good Health and Well-Being, Goal 10: Reduced Inequalities","100","1906082","Trevor Project Volunteer and Fundraising Campaign","","","","","","","00:00","4315","","000001","4231187728","","","","CSR","Davidson","North Carolina","800 Beaty Street","Building B","Davidson","NC","28036","","US","425-555-1212","kevin.zeigler+187728@salesforce.com","","","","","","","","Kevin","26","USD","en_US","America/Los_Angeles","","false","","","","","USERNAME_PASSWORD","SEND","true"
"4446","","03c7029f-c3df-48cc-8825-3d672ed59267","2021-02-01 05:00:00","","Tim","","Reynolds","kevin.zeigler+tim10click@salesforce.com","","PLEDGE","","VIRTUAL","FLEXIBLE","The Trevor Project","Trevor Project Crisis Counselor -- Telephone","1906083","2021-02-09 21:03:00","kevin.zeigler+tim10click@salesforce.com","","2021-02-18 18:59:37","Confirmed by Volunteer","Crime, Safety & Violence Prevention, LGBTQA","Goal 3: Good Health and Well-Being, Goal 10: Reduced Inequalities","100","1906082","Trevor Project Volunteer and Fundraising Campaign","","","","","","","00:00","","","","","","","","","","","415 Mission Street","3rd Floor","San Francisco","CA","94105","","US","","kevin.zeigler+tim10click@salesforce.com","","","","","","","US","","","USD","en_US","America/New_York","","false","","","","","USERNAME_PASSWORD","SEND","false"
"4445","59541f04-af90-4f8c-909d-14ec0045cb82","","2021-02-01 08:00:00","","Lauren","","Bailey","kevin.zeigler+187728@salesforce.com","","LOG","AD_HOC","","","American Society for the Prevention of Cruelty to Animals dba ASPCA","","","","","Cleaning","","","","","","","","","","","","","","08:00","4315","","000001","4231187728","","","","CSR","Davidson","North Carolina","800 Beaty Street","Building B","Davidson","NC","28036","","US","425-555-1212","kevin.zeigler+187728@salesforce.com","","","","","","","","Kevin","26","USD","en_US","America/Los_Angeles","","false","","","","","USERNAME_PASSWORD","SEND","true"
"4447","1889c7cd-fb7f-4d95-b4d2-3179bc539d50","","2021-02-01 08:00:00","","John","","Smith","kevin.zeigler+john10click@salesforce.com","","LOG","AD_HOC","","","American Society for the Prevention of Cruelty to Animals dba ASPCA","","","","","Cleaning","","","","","","","","","","","","","","99:00","","","","","","","","","","","415 Mission Street","3rd Floor","San Francisco","CA","94105","94105","US","","kevin.zeigler+john10click@salesforce.com","","","","","","","US","","","USD","en_US","America/New_York","","false","","","","","USERNAME_PASSWORD","SEND","false"
"4445","32744642-22f8-4983-881a-4e55264b8546","","2021-02-18 05:00:00","","Lauren","","Bailey","kevin.zeigler+187728@salesforce.com","","LOG","AD_HOC","","","The Trevor Project","","","","","Call Center","","","","","","","","","","","","","","03:00","4315","","000001","4231187728","","","","CSR","Davidson","North Carolina","800 Beaty Street","Building B","Davidson","NC","28036","","US","425-555-1212","kevin.zeigler+187728@salesforce.com","","","","","","","","Kevin","26","USD","en_US","America/Los_Angeles","","false","","","","","USERNAME_PASSWORD","SEND","true"
"5703","e1136883-4ace-4596-aeaa-5bc2ffdba462","","2021-03-01 05:00:00","","Jamie","","Warrington","kevin.zeigler+187728jamie4@salesforce.com","","LOG","AD_HOC","","","Catskills Live - Trails & Wilderness Association","","","","","Trail cleaning","","","","","","","","","","","","","","06:00","","","","","","","","","","","1095 Avenue of the Americas","","New York","NY","10036","","US","","kevin.zeigler+187728jamie4@salesforce.com","","","","","","","US","","","USD","en_US","America/New_York","","false","","","","","USERNAME_PASSWORD","SEND","true"
"4445","9c66bfa9-daf3-4619-a4ba-1383a3623aea","","2021-03-01 05:00:00","","Lauren","","Bailey","kevin.zeigler+187728@salesforce.com","","LOG","AD_HOC","","","American Society for the Prevention of Cruelty to Animals dba ASPCA","","","","","Cleaning Cages","","","","","","","","","","","","","","01:00","4315","","000001","4231187728","","","","CSR","Davidson","North Carolina","800 Beaty Street","Building B","Davidson","NC","28036","","US","425-555-1212","kevin.zeigler+187728@salesforce.com","","","","","","","","Kevin","26","USD","en_US","America/Los_Angeles","","false","","","","","USERNAME_PASSWORD","SEND","true"
"4793","770ca7d9-9016-4eab-8b29-5f527667f61c","","2021-03-01 05:00:00","","Jamie","","Warrington","kevin.zeigler+187728jamie@salesforce.com","","LOG","AD_HOC","","","Catskills Live - Trails & Wilderness Association","","","","","Trail Cleaning","","","","","","","","","","","","","","08:00","","","","","","","","","","","1095 Avenue of the Americas","","New York","NY","10036","","US","","kevin.zeigler+187728jamie@salesforce.com","","","","","","","US","","","USD","en_US","America/New_York","","false","","","","","USERNAME_PASSWORD","SEND","false"
"4793","2c27cbb9-e8c7-4684-b5ab-828a278ea082","","2021-03-01 05:00:00","","Jamie","","Warrington","kevin.zeigler+187728jamie@salesforce.com","","LOG","AD_HOC","","","Catskills Live - Trails & Wilderness Association","","","","","Trail Cleaning","","","","","","","","","","","","","","00:00","","","","","","","","","","","1095 Avenue of the Americas","","New York","NY","10036","","US","","kevin.zeigler+187728jamie@salesforce.com","","","","","","","US","","","USD","en_US","America/New_York","","false","","","","","USERNAME_PASSWORD","SEND","false"
"4446","","99be4519-b0b4-463d-a7bf-50ef1eee8dd3","2021-03-06 17:00:00","","Tim","","Reynolds","kevin.zeigler+tim10click@salesforce.com","","LOG","","IN_PERSON","ONETIME","David T. Denny International School","Denny International Middle School STEAM Lab Makeover","1916801","2021-03-03 17:24:47","kevin.zeigler+tim10click@salesforce.com","","2021-03-03 18:03:13","Confirmed by Volunteer","","","10","","","2601 SW Kenyon St","","Seattle","WA","98106","US","03:00","","","","","","","","","","","415 Mission Street","3rd Floor","San Francisco","CA","94105","","US","","kevin.zeigler+tim10click@salesforce.com","","","","","","","US","","","USD","en_US","America/New_York","","false","","","","","USERNAME_PASSWORD","SEND","false"
"4445","","9172c09f-3a99-41b3-9fba-d95b7e220efb","2021-03-06 17:00:00","","Lauren","","Bailey","kevin.zeigler+187728@salesforce.com","Painting","LOG","","IN_PERSON","ONETIME","David T. Denny International School","Denny International Middle School STEAM Lab Makeover","1916801","2021-03-03 17:24:47","kevin.zeigler+tim10click@salesforce.com","","2021-03-03 19:38:26","Confirmed by Volunteer","","","10","1916666","Salesforce.org Solutions Team Volunteer Event","2601 SW Kenyon St","","Seattle","WA","98106","US","03:00","4315","","000001","4231187728","","","","CSR","Davidson","North Carolina","800 Beaty Street","Building B","Davidson","NC","28036","","US","425-555-1212","kevin.zeigler+187728@salesforce.com","","","","","","","","Kevin","26","USD","en_US","America/Los_Angeles","","false","","","","","USERNAME_PASSWORD","SEND","true"
"4445","08af4e54-3d60-457e-aaa5-5bdeb75cf3b9","","2021-03-13 05:00:00","","Lauren","","Bailey","kevin.zeigler+187728@salesforce.com","","LOG","AD_HOC","","","Best Friends Animal Society","","","","","Cleaning Dog Runs","","","","","","","","","","","","","","01:00","4315","","000001","4231187728","","","","CSR","Davidson","North Carolina","800 Beaty Street","Building B","Davidson","NC","28036","","US","425-555-1212","kevin.zeigler+187728@salesforce.com","","","","","","","","Kevin","26","USD","en_US","America/Los_Angeles","","false","","","","","USERNAME_PASSWORD","SEND","true"
"4445","","f7160073-bf98-4d85-a68c-0d8d1608e2fa","2021-03-13 20:00:00","","Lauren","","Bailey","kevin.zeigler+187728@salesforce.com","","LOG","","IN_PERSON","SHIFTS","My Stuff Bags Foundation","Sorting Donated Items at My Stuff Bags","1916817","2021-03-03 21:33:09","kevin.zeigler+tim10click@salesforce.com","","2021-03-04 22:37:21","Confirmed by Volunteer","Children & Families, Crime, Safety & Violence Prevention","Goal 10: Reduced Inequalities, Goal 16: Peace, Justice and Strong Institutions","10","1916818","Benefit for My Stuff Bags Foundation -- ANIMAL STYLE!","5347 Sterling Center Dr","","Westlake Village","CA","91361","US","02:00","4315","","000001","4231187728","","","","CSR","Davidson","North Carolina","800 Beaty Street","Building B","Davidson","NC","28036","","US","425-555-1212","kevin.zeigler+187728@salesforce.com","","","","","","","","Kevin","26","USD","en_US","America/Los_Angeles","","false","","","","","USERNAME_PASSWORD","SEND","true"
"4446","","cd906c7b-3729-4a54-b70e-eebca4ba5cce","2021-03-13 20:00:00","","Tim","","Reynolds","kevin.zeigler+tim10click@salesforce.com","","LOG","","IN_PERSON","SHIFTS","My Stuff Bags Foundation","Sorting Donated Items at My Stuff Bags","1916817","2021-03-03 21:33:09","kevin.zeigler+tim10click@salesforce.com","","2021-03-04 20:23:06","Confirmed by Volunteer","Children & Families, Crime, Safety & Violence Prevention","Goal 10: Reduced Inequalities, Goal 16: Peace, Justice and Strong Institutions","10","1916818","Benefit for My Stuff Bags Foundation -- ANIMAL STYLE!","5347 Sterling Center Dr","","Westlake Village","CA","91361","US","02:00","","","","","","","","","","","415 Mission Street","3rd Floor","San Francisco","CA","94105","","US","","kevin.zeigler+tim10click@salesforce.com","","","","","","","US","","","USD","en_US","America/New_York","","false","","","","","USERNAME_PASSWORD","SEND","false"
"4445","1fb1842c-51a2-4579-9ca5-a46e63b0cdea","","2021-03-17 04:00:00","","Lauren","","Bailey","kevin.zeigler+187728@salesforce.com","","LOG","AD_HOC","","","Horace Mann Middle School","","","","","Mentoring","","","Educational Institutions","","","","","","","","","","","01:00","4315","","000001","4231187728","","","","CSR","Davidson","North Carolina","800 Beaty Street","Building B","Davidson","NC","28036","","US","425-555-1212","kevin.zeigler+187728@salesforce.com","","","","","","","","Kevin","26","USD","en_US","America/Los_Angeles","","false","","","","","USERNAME_PASSWORD","SEND","true"
"4445","488e4a71-686a-4c23-b918-2d157b30a972","","2021-03-17 04:00:00","","Lauren","","Bailey","kevin.zeigler+187728@salesforce.com","","LOG","AD_HOC","","","Rural Point Elem.","","","","","Show and Tell","","","Educational Institutions","","","","","","","","","","","01:00","4315","","000001","4231187728","","","","CSR","Davidson","North Carolina","800 Beaty Street","Building B","Davidson","NC","28036","","US","425-555-1212","kevin.zeigler+187728@salesforce.com","","","","","","","","Kevin","26","USD","en_US","America/Los_Angeles","","false","","","","","USERNAME_PASSWORD","SEND","true"
"4445","","7eabc9a9-5efe-4ddb-9535-db540083d8cf","2021-03-27 13:00:00","","Lauren","","Bailey","kevin.zeigler+187728@salesforce.com","","LOG","","IN_PERSON","SHIFTS","Second Harvest Food Bank of Metrolina Inc","Second Harvest Food Bank of Metrolina Volunteer Event","1921441","2021-03-17 14:30:18","kevin.zeigler+187728@salesforce.com","","2021-03-18 18:39:44","Confirmed by Volunteer","Hunger & Food Security","Goal 2: Zero Hunger","10","1921442","Together We Can Feed America: Alpharetta","500 Spratt St","500-B","Charlotte","NC","28206","US","03:00","4315","","000001","4231187728","","","","CSR","Davidson","North Carolina","800 Beaty Street","Building B","Davidson","NC","28036","","US","425-555-1212","kevin.zeigler+187728@salesforce.com","","","","","","","","Kevin","26","USD","en_US","America/Los_Angeles","","false","","","","","USERNAME_PASSWORD","SEND","true"
